{"golf": [[59.61762096837986, 33.859326944990386, 31.670107742385234, 33.15447072862763, 29.86282429914727, 30.787539478001694, 37.94140476391348, 27.84287488766137, 30.04567278724768, 31.890222121263115]], "shoot_ball": [[59.50615018962691, 31.90934828818359, 30.08270884289438, 33.21703827929299, 28.026684528870142, 31.117118042673024, 36.46775486296879, 30.095188094418955, 31.242660781688624, 31.211317007224157]], "brush_hair": [[64.74999673292751, 39.77256289573249, 36.257630191902166, 39.785642124222946, 36.17361175936243, 34.84654264346129, 42.833820155975815, 37.321608605469386, 35.37217611116736, 37.40867248849739]], "handstand": [[58.44251380236483, 31.23761605494122, 29.954719342277745, 32.294662655155626, 28.391165606936795, 30.315948814552183, 36.211807461462136, 29.827311635982024, 30.259294396399437, 30.897537270582156]], "shoot_bow": [[60.55157357152349, 35.05207434600969, 34.945755539121905, 34.445129441015624, 31.987452298978983, 32.44247211072511, 38.163853017997, 31.320938165626426, 32.79283811958151, 35.33446241763415]], "cartwheel": [[51.82332213608403, 38.68169225214013, 39.16347216805304, 36.04852750150641, 38.47356343744768, 39.891700719711785, 41.188758991438036, 39.342827466370814, 38.96240348924327, 41.97264773097367]], "hit": [[55.17193198417287, 35.24271773479208, 32.587508633561285, 32.689822626859154, 32.68882284886404, 32.571373834728156, 37.63386546166733, 33.37108579187673, 32.41454380372215, 36.20309551394306]], "shoot_gun": [[59.21882468014992, 35.21228586107994, 33.16925543471388, 34.40953062702316, 32.381204536615236, 33.448136555584774, 37.02926837339948, 33.69762488382834, 32.52037831398157, 36.22047151402952]], "hug": [[59.29628652144496, 33.98347712453573, 34.76785875594621, 35.65228319064838, 32.464513712146896, 33.97704450459382, 37.163263845070674, 32.54165700323648, 33.85456871739515, 33.28539550463619]], "sit": [[59.3478113732469, 32.960355829970084, 30.447614668139437, 32.885028900087526, 29.463552664509038, 30.150885325606215, 36.559960389661676, 30.212406353326557, 29.944712242546277, 31.56447041365056]], "catch": [[55.793596508689426, 29.667773753663443, 21.434988281460665, 29.015719562190075, 26.917051405890714, 27.704727810227286, 33.974767081229196, 28.445719959647043, 27.59683702625265, 29.96024523994116]], "jump": [[52.09377816960921, 33.45873100230306, 30.931468236415792, 30.111136479517974, 32.644524251597865, 33.587343758509554, 36.44573159805801, 33.89679520987361, 32.63626842699091, 36.56732878440476]], "situp": [[60.28008828136722, 36.1934430035649, 33.29478081581209, 34.17618733588197, 33.12082996973738, 31.52475132169177, 39.77334261103048, 32.57133453992214, 30.142546171693514, 37.02746110707617]], "chew": [[62.88409578605058, 37.86167444449465, 33.2398020932834, 37.011825683579154, 33.69486480063261, 33.11334818002987, 41.44347411892225, 33.733479449047074, 33.36585244632503, 34.99209758286549]], "kick": [[58.4596443476513, 31.117638343015937, 28.682128482149427, 31.446674513388103, 28.521097160546326, 29.310981076716512, 35.828391822797165, 29.446251076875328, 29.620509754274615, 30.602169888630563]], "smile": [[58.97901377777306, 33.43469147535556, 27.713959396901945, 32.65016947714028, 29.774568001878016, 28.708976609803226, 37.21369412971458, 30.54236817133247, 28.834969578211993, 29.482887278599748]], "clap": [[63.98214953556142, 36.67816289598481, 33.96921936209806, 38.07180780685507, 33.64332092627443, 32.9385181287929, 41.22570613165164, 33.786779993990685, 33.350647072331135, 33.58664295765888]], "kick_ball": [[55.78650194159757, 35.063135705351016, 33.93556815061259, 33.59250689688099, 33.65283764242185, 34.66120109082221, 37.4095891752768, 34.45412277196048, 34.304598732936796, 36.489868857657626]], "smoke": [[62.60406220724979, 35.84986655379351, 34.11005481032386, 36.576462982065365, 32.92168495271217, 32.052293942354716, 40.0152752236068, 32.5445566658336, 31.677365437632968, 34.39695602315592]], "climb": [[65.48767556734512, 39.443838249213705, 36.568433578667126, 40.236803393899365, 35.502042128811546, 35.63434157031643, 43.68178252951174, 33.91947624808241, 35.95015467149579, 35.35009880543235]], "somersault": [[55.85628739637087, 33.569093770908026, 35.46997872188749, 33.474322819061776, 34.137319937623445, 36.71957351238521, 37.75584280075023, 35.026321569867946, 35.27893405600712, 38.71137448909825]], "climb_stairs": [[60.99600569948058, 39.80908812284874, 39.338866924784405, 40.15759790825952, 36.82918630423371, 39.65750015433687, 43.635976484224095, 39.140117243561576, 39.70821146763111, 37.66319065141513]], "laugh": [[63.231003520513184, 39.04288425238168, 36.17557183569025, 38.549808602626946, 35.02326981909606, 35.39356880069649, 42.45163943081084, 35.75642192271873, 34.65877802197197, 37.11230782497872]], "stand": [[59.641065408420985, 34.22452749635972, 31.569949973691834, 33.53842617834597, 30.42872008395431, 31.008779700206738, 38.3361761379753, 31.119575039067367, 31.312954966062367, 32.16390836316034]]}